{
  "C": [
    -0.3494792,
    -0.73828125
  ],
  "count": 858,
  "frag_path": "jtrap-dz-coin.frag",
  "min_iter": 0,
  "zoom": 1.1925345659255981,
  "M": [
    0,
    0.008291195
  ],
  "tex_path": "tex/vuurwerk.jpg",
  "P": [
    -0.2890625,
    0.1328125
  ],
  "tex_angle": 0,
  "alpha": 0.025641025975346565,
  "tex_zoom": 1,
  "jitter_amount": 0.001953125,
  "timestamp": "2016-01-02_00.17.47"
}