{
  "C": [
    -0.82229173,
    -0.32499993
  ],
  "count": 10948,
  "pix_size": [
    2,
    2
  ],
  "frag_path": "jtrap-crackle.frag",
  "min_iter": 1,
  "zoom": 0.2755628228187561,
  "M": [
    -0.19882628,
    -0.64118665
  ],
  "tex_path": "tex/dots1k.jpg",
  "P": [
    5.5125,
    -0.425
  ],
  "tex_angle": 0,
  "bw_threshold": 0.5,
  "alpha": 0.04938271641731262,
  "tex_zoom": 0.0650729164481163,
  "jitter_amount": 0.0020833334419876337,
  "timestamp": "2016-02-13_14.52.46"
}