{
  "C": [
    -0.81565106,
    0.22031239
  ],
  "count": 7289,
  "pix_size": [
    2,
    2
  ],
  "frag_path": "jv2.frag",
  "min_iter": 2,
  "zoom": 0.25846657156944275,
  "M": [
    0.48706585,
    -0.0487732
  ],
  "tex_path": "tex/ok2.jpg",
  "P": [
    -0.725,
    0.1
  ],
  "tex_angle": -1.1399999856948853,
  "bw_threshold": 0.5,
  "ucount": 7289,
  "alpha": 0.1818181872367859,
  "dissolve": 0.5,
  "tex_zoom": 1.6288939714431763,
  "jitter_amount": 0.0020833334419876337,
  "timestamp": "2016-05-29_21.14.40"
}