{
  "C": [
    -0.79661465,
    -0.27539062
  ],
  "count": 2455,
  "frag_path": "jtrap.frag",
  "min_iter": 6,
  "zoom": 0.4426558315753937,
  "M": [
    0.87548804,
    0.11238676
  ],
  "tex_path": "tex/splats3.png",
  "P": [
    0.0703125,
    0.3515625
  ],
  "tex_angle": -1.1000001430511475,
  "alpha": 0.012987012974917889,
  "tex_zoom": 0.37688979506492615,
  "jitter_amount": 0.001953125,
  "timestamp": "2015-12-12_20.24.38"
}