{
  "C": [
    0.5846355,
    -0.26367188
  ],
  "count": 17149,
  "frag_path": "jtrap-dz-coin.frag",
  "min_iter": 0,
  "zoom": 0.6523574590682983,
  "M": [
    0.05237028,
    -0.8221576
  ],
  "tex_path": "tex/salad.jpg",
  "P": [
    1.7734375,
    -0.65625
  ],
  "tex_angle": 0.6000000238418579,
  "alpha": 0.10000000149011612,
  "tex_zoom": 1.0499999523162842,
  "jitter_amount": 0.001953125,
  "timestamp": "2016-01-01_23.16.42"
}