{
  "C": [
    -0.701875,
    -0.63125
  ],
  "count": 17914,
  "pix_size": [
    2,
    2
  ],
  "frag_path": "jtrap-crackle.frag",
  "min_iter": 2,
  "zoom": 0.33761847019195557,
  "M": [
    -0.6425334,
    -0.35872275
  ],
  "tex_path": "tex/peaces.png",
  "P": [
    -0.5625,
    0.1875
  ],
  "tex_angle": -1.1200001239776611,
  "bw_threshold": 0.5,
  "alpha": 0.03076923079788685,
  "tex_zoom": 1.2155060768127441,
  "jitter_amount": 0.0020833334419876337,
  "timestamp": "2016-02-22_16.37.21"
}