{
  "My": 0,
  "Mx": 0,
  "zoom": 2,
  "Cr": 0.25390625,
  "frag_path": "jtrap.frag",
  "tex_path": "tex/zgblue.jpg",
  "tzoom": 1.4071000814437866,
  "Px": 0.75,
  "Py": -1.2109375,
  "Ci": -0.9375
}