{
  "C": [
    7.791817E-4,
    -0.7175292
  ],
  "N_SAMPLES": 64,
  "count": 2875,
  "pix_size": [
    0.25,
    0.25
  ],
  "frag_path": "jtrap-mul-rnd3.frag",
  "min_iter": 0,
  "zoom": 0.34660962224006653,
  "M": [
    -0.0877071,
    -0.7069548
  ],
  "tex_path": "tex/splats3_blur.jpg",
  "P": [
    -0.6625,
    -0.8375
  ],
  "tex_angle": -1.1399999856948853,
  "alpha": 1,
  "tex_zoom": 0.6446092128753662,
  "jitter_amount": 0.0010416667209938169,
  "timestamp": "2017-04-02_03.51.35"
}