{
  "C": [
    -0.84000003,
    0.23125005
  ],
  "count": 1818,
  "pix_size": [
    2,
    2
  ],
  "frag_path": "jtrap-mul.frag",
  "min_iter": 0,
  "zoom": 1.1582751274108887,
  "M": [
    0.10603733,
    0.16445473
  ],
  "tex_path": "tex/splats3_blur.jpg",
  "P": [
    0.875,
    0.2875
  ],
  "tex_angle": -2.309999942779541,
  "bw_threshold": 0.5,
  "ucount": 1818,
  "alpha": 0.0833333358168602,
  "dissolve": 0.5,
  "tex_zoom": 0.8227026462554932,
  "jitter_amount": 0.0020833334419876337,
  "timestamp": "2017-01-14_22.16.30"
}