{
  "C": [
    0.013541698,
    0.70000005
  ],
  "count": 16109,
  "pix_size": [
    2,
    2
  ],
  "frag_path": "jtrap-peaces.frag",
  "min_iter": 0,
  "zoom": 0.23917734622955322,
  "M": [
    0.4756307,
    -0.6500571
  ],
  "tex_path": "tex/peaces.jpg",
  "P": [
    -0.175,
    0.0375
  ],
  "tex_angle": 3.569998264312744,
  "bw_threshold": 0.5,
  "alpha": 0.027397260069847107,
  "tex_zoom": 3.7334518432617188,
  "jitter_amount": 0.004166666883975267,
  "timestamp": "2016-02-22_17.22.36"
}