{
  "C": [
    0.5731251,
    0.21875
  ],
  "count": 22926,
  "pix_size": [
    2,
    2
  ],
  "frag_path": "jsun.frag",
  "min_iter": 0,
  "zoom": 1.9425441026687622,
  "M": [
    1.0275233,
    0.8996937
  ],
  "tex_path": "tex/booom.png",
  "P": [
    0.3125,
    0.7375
  ],
  "tex_angle": 0.41999927163124084,
  "bw_threshold": 0.5,
  "ucount": 22926,
  "alpha": 0.08510638028383255,
  "tex_zoom": 0.6139135360717773,
  "jitter_amount": 0.0020833334419876337,
  "timestamp": "2016-05-05_19.38.08"
}