{
  "C": [
    -1.1410418,
    0.5374999
  ],
  "count": 7622,
  "pix_size": [
    2,
    2
  ],
  "frag_path": "jsun.frag",
  "min_iter": 0,
  "zoom": 0.6171799302101135,
  "M": [
    -0.95235634,
    0.72595036
  ],
  "tex_path": "tex/booom.png",
  "P": [
    -1.475,
    0.6375
  ],
  "tex_angle": 1.1599994897842407,
  "bw_threshold": 0.5,
  "ucount": 7622,
  "alpha": 0.01834862306714058,
  "tex_zoom": 2.2920165061950684,
  "jitter_amount": 0.0020833334419876337,
  "timestamp": "2016-05-05_19.22.22"
}