{
  "C": [
    -1.1622918,
    -1.34375
  ],
  "count": 735,
  "pix_size": [
    0.0020833334,
    0.0020833334
  ],
  "frag_path": "jtrap-dub.frag",
  "min_iter": 3,
  "zoom": 0.07565243542194366,
  "M": [
    -0.89901865,
    -0.265936
  ],
  "tex_path": "tex/dub.png",
  "P": [
    0,
    0
  ],
  "tex_angle": 0,
  "bw_threshold": 0.5,
  "alpha": 0.10256410390138626,
  "tex_zoom": 0.16443589329719543,
  "jitter_amount": 0.0020833334419876337,
  "timestamp": "2016-01-25_23.33.15"
}