{
  "Ci": -0.2109375,
  "Px": 0.9921875,
  "Py": 0.0390625,
  "frag_path": "jtrap.frag",
  "zoom": 0.5396931767463684,
  "Mx": -0.4672110676765442,
  "My": -0.08307158946990967,
  "tzoom": 1.1576248407363892,
  "tex_path": "tex/ditherflare1024.png",
  "Cr": -0.7567708492279053
}