{
  "C": [
    0.6615973,
    -0.32033694
  ],
  "count": 19128,
  "pix_size": [
    2,
    2
  ],
  "frag_path": "jtrap-incog.frag",
  "min_iter": 0,
  "zoom": 2.408521890640259,
  "M": [
    1.301646,
    -0.847792
  ],
  "tex_path": "tex/incognito.png",
  "P": [
    -0.8625,
    2.5
  ],
  "tex_angle": 15.339984893798828,
  "bw_threshold": 0.5,
  "alpha": 0.05714285746216774,
  "tex_zoom": 0.37688973546028137,
  "jitter_amount": 0.0020833334419876337,
  "timestamp": "2016-02-08_21.29.08"
}