{
  "C": [
    -0.8408854,
    0.19335938
  ],
  "count": 36563,
  "frag_path": "jtrap-dz-res.frag",
  "min_iter": 1,
  "zoom": 0.06367513537406921,
  "M": [
    0.085586384,
    -0.05644319
  ],
  "tex_path": "tex/grid256.png",
  "P": [
    2.6640625,
    -1.765625
  ],
  "tex_angle": 0,
  "alpha": 0.03030303120613098,
  "tex_zoom": 1,
  "jitter_amount": 0.001953125,
  "timestamp": "2015-12-19_15.12.36"
}