{
  "C": [
    -0.7727083,
    0.29375005
  ],
  "count": 2306,
  "pix_size": [
    2,
    2
  ],
  "frag_path": "jtrap-crackle.frag",
  "min_iter": 0,
  "zoom": 0.9496077299118042,
  "M": [
    0.06315886,
    0.017476924
  ],
  "tex_path": "tex/crackle1024.png",
  "P": [
    0.05,
    -0.025
  ],
  "tex_angle": -1.1399999856948853,
  "bw_threshold": 0.5,
  "alpha": 0.125,
  "tex_zoom": 1.2762813568115234,
  "jitter_amount": 0.0020833334419876337,
  "timestamp": "2016-02-21_18.28.45"
}