{
  "Ci": -0.357421875,
  "Px": -0.53125,
  "Py": -0.1484375,
  "frag_path": "jtrap.frag",
  "zoom": 0.4239875078201294,
  "Mx": -0.24410519003868103,
  "My": -0.5415387153625488,
  "tzoom": 0.6768396496772766,
  "tex_path": "tex/splats3.png",
  "Cr": -0.8098958730697632
}