{
  "tex_angle": -1.4000000953674316,
  "Ci": -0.287109375,
  "Px": -0.6796875,
  "Py": -0.1015625,
  "frag_path": "jtrap.frag",
  "zoom": 0.10587313771247864,
  "min_iter": 4,
  "Mx": -0.9281411170959473,
  "My": -0.44412386417388916,
  "tex_zoom": 0.9070295691490173,
  "tex_path": "tex/splats3.png",
  "Cr": -0.7789062261581421
}