{
  "C": [
    0.07399903,
    -0.7331543
  ],
  "count": 52978,
  "pix_size": [
    0.001953125,
    0.001953125
  ],
  "frag_path": "jtrap-dz-res.frag",
  "min_iter": 0,
  "zoom": 0.11640063673257828,
  "M": [
    0.07634425,
    -0.42886084
  ],
  "tex_path": "tex/splats3_blur.jpg",
  "P": [
    -0.3515625,
    -0.59375
  ],
  "tex_angle": 2.6999998092651367,
  "alpha": 0.10000000149011612,
  "tex_zoom": 1,
  "jitter_amount": 0.001953125,
  "timestamp": "2016-01-14_23.32.01"
}