{
  "C": [
    -0.75096023,
    0.09638678
  ],
  "count": 16506,
  "pix_size": [
    2,
    2
  ],
  "frag_path": "jbot.frag",
  "min_iter": 0,
  "zoom": 0.22527244687080383,
  "M": [
    -0.45830095,
    -0.17738596
  ],
  "tex_path": "tex/glace.png",
  "P": [
    -1.2875,
    -0.425
  ],
  "tex_angle": -1.1399999856948853,
  "bw_threshold": 0.5,
  "ucount": 16506,
  "alpha": 0.03076923079788685,
  "tex_zoom": 0.7835263609886169,
  "jitter_amount": 0.0020833334419876337,
  "timestamp": "2016-04-24_16.53.31"
}