{
  "My": -0.2664514183998108,
  "Mx": -0.5753821134567261,
  "zoom": 0.059947509318590164,
  "Cr": -0.8870238661766052,
  "frag_path": "jtrap.frag",
  "tex_path": "tex/splats3.png",
  "tzoom": 0.9070295691490173,
  "Px": -0.65625,
  "Py": -0.4765625,
  "Ci": -0.24935030937194824
}