{
  "C": [
    -0.78953135,
    0.1875
  ],
  "N_SAMPLES": 32,
  "count": 10850,
  "frag_path": "j-trap-AD-nsample.frag",
  "min_iter": 0,
  "zoom": 0.8944008946418762,
  "M": [
    -0.0052091572,
    -0.0028708228
  ],
  "tex_path": "tex/eyes2048.png",
  "P": [
    0,
    0.016666668
  ],
  "tex_angle": 1.3799995183944702,
  "alpha": 1,
  "tex_zoom": 1.2762813568115234,
  "jitter_amount": 6.944444612599909E-4,
  "timestamp": "2017-05-30_20.47.40"
}