{
  "C": [
    -1.2402084,
    0.118749976
  ],
  "count": 22715,
  "pix_size": [
    2,
    2
  ],
  "frag_path": "jtrap-peaces.frag",
  "min_iter": 15,
  "zoom": 0.00774722546339035,
  "M": [
    0.05756597,
    -0.5463687
  ],
  "tex_path": "tex/peaces.jpg",
  "P": [
    0.4875,
    0.1375
  ],
  "tex_angle": 3.629998207092285,
  "bw_threshold": 0.5,
  "alpha": 0.08163265138864517,
  "tex_zoom": 3.7334518432617188,
  "jitter_amount": 0.004166666883975267,
  "timestamp": "2016-02-22_17.29.25"
}