{
  "C": [
    0.38276052,
    -0.05781254
  ],
  "count": 17521,
  "pix_size": [
    2,
    2
  ],
  "frag_path": "jtrap-scn.frag",
  "min_iter": 0,
  "zoom": 0.8711997270584106,
  "M": [
    0.084953114,
    0.01834692
  ],
  "tex_path": "tex/scn1000c.png",
  "P": [
    -0.15,
    -0.175
  ],
  "tex_angle": -1.1399999856948853,
  "bw_threshold": 0.5,
  "alpha": 0.0833333358168602,
  "tex_zoom": 3.3863511085510254,
  "jitter_amount": 0.004166666883975267,
  "timestamp": "2016-02-18_21.45.55"
}