{
  "C": [
    -0.48671877,
    0.7792969
  ],
  "count": 8628,
  "pix_size": [
    0.001953125,
    0.001953125
  ],
  "frag_path": "jtrap-dz-thres.frag",
  "min_iter": 4,
  "zoom": 0.17452599108219147,
  "M": [
    0.1699165,
    -0.8335968
  ],
  "tex_path": "tex/woink2.png",
  "P": [
    -0.1171875,
    0.4296875
  ],
  "tex_angle": 2.5999996662139893,
  "bw_threshold": 0.40555277466773987,
  "alpha": 0.0357142873108387,
  "tex_zoom": 1,
  "jitter_amount": 0.001953125,
  "timestamp": "2016-01-15_00.34.29"
}