{
  "C": [
    -0.79218745,
    -0.08203125
  ],
  "count": 23801,
  "frag_path": "jtrap-dz-coin.frag",
  "min_iter": 0,
  "zoom": 0.23193566501140594,
  "M": [
    0.04574728,
    0.6590395
  ],
  "tex_path": "tex/vuurwerk.jpg",
  "P": [
    -0.703125,
    -0.3828125
  ],
  "tex_angle": -8.299995422363281,
  "alpha": 0.1111111119389534,
  "tex_zoom": 1.4774550199508667,
  "jitter_amount": 0.001953125,
  "timestamp": "2016-01-02_00.33.42"
}