{
  "C": [
    -0.93916667,
    0.49374998
  ],
  "count": 3224,
  "pix_size": [
    2,
    2
  ],
  "frag_path": "jtrap-dz-thres.frag",
  "min_iter": 0,
  "zoom": 0.1643090546131134,
  "M": [
    0.599928,
    -0.21197957
  ],
  "tex_path": "tex/woink2.png",
  "P": [
    -0.85,
    -0.5375
  ],
  "tex_angle": -3.6400012969970703,
  "bw_threshold": 0.5,
  "alpha": 0.03100775182247162,
  "tex_zoom": 1,
  "jitter_amount": 0.0020833334419876337,
  "timestamp": "2016-01-28_01.22.34"
}