{
  "C": [
    -1.1242188,
    0.29166663
  ],
  "N_SAMPLES": 32,
  "count": 8891,
  "frag_path": "j-trapmul-nsample.frag",
  "min_iter": 0,
  "zoom": 0.04651755839586258,
  "M": [
    -1.0370017,
    0.27004382
  ],
  "tex_path": "tex/splats3072.png",
  "P": [
    1.4666667,
    -0.25833333
  ],
  "tex_angle": -7.51000452041626,
  "alpha": 1,
  "tex_zoom": 1.4071000814437866,
  "jitter_amount": 6.944444612599909E-4,
  "timestamp": "2017-05-28_18.30.28"
}