{
  "C": [
    -0.7691667,
    -0.16875005
  ],
  "count": 2457,
  "pix_size": [
    2,
    2
  ],
  "frag_path": "jtrap-mul.frag",
  "min_iter": 0,
  "zoom": 0.33761847019195557,
  "M": [
    -0.6334741,
    -0.10224944
  ],
  "tex_path": "tex/splats3_blur.jpg",
  "P": [
    -0.8,
    0.9875
  ],
  "tex_angle": -1.3300001621246338,
  "bw_threshold": 0.5,
  "ucount": 2457,
  "alpha": 0.05128205195069313,
  "dissolve": 0.5,
  "tex_zoom": 1.1024998426437378,
  "jitter_amount": 0.0020833334419876337,
  "timestamp": "2017-03-25_20.31.35"
}