{
  "C": [
    0.24020839,
    0.65625
  ],
  "count": 21994,
  "pix_size": [
    2,
    2
  ],
  "frag_path": "jtrap-eye.frag",
  "min_iter": 0,
  "zoom": 0.08286555111408234,
  "M": [
    0.7237926,
    -0.84016746
  ],
  "tex_path": "tex/filip-golden-eye-960.jpg",
  "P": [
    -0.8,
    0.8375
  ],
  "tex_angle": -0.8300082683563232,
  "bw_threshold": 0.5,
  "alpha": 0.03999999910593033,
  "tex_zoom": 1.3400954008102417,
  "jitter_amount": 0.0020833334419876337,
  "timestamp": "2016-02-28_18.32.32"
}