{
  "C": [
    0.2579167,
    -0.85625
  ],
  "count": 16640,
  "pix_size": [
    2,
    2
  ],
  "frag_path": "jtrap-eye.frag",
  "min_iter": 0,
  "zoom": 0.06181929633021355,
  "M": [
    1.1093724,
    0.803728
  ],
  "tex_path": "tex/filip-golden-eye-960.jpg",
  "P": [
    -0.4875,
    -0.7125
  ],
  "tex_angle": -1.2300066947937012,
  "bw_threshold": 0.5,
  "alpha": 0.07547169923782349,
  "tex_zoom": 1.5513277053833008,
  "jitter_amount": 0.0020833334419876337,
  "timestamp": "2016-02-28_18.25.59"
}