{
  "My": -0.0866885632276535,
  "Mx": 0.5086147785186768,
  "zoom": 0.17909683287143707,
  "Cr": -0.7611979246139526,
  "frag_path": "jtrap.frag",
  "tex_path": "tex/ditherflare1024.png",
  "tzoom": 2.7859599590301514,
  "Px": -1.1796875,
  "Py": -0.0546875,
  "Ci": 0.181640625
}