{
  "My": -0.5393217206001282,
  "Mx": 0.1209947019815445,
  "zoom": 0.05359409376978874,
  "Cr": -0.7578125,
  "frag_path": "jtrap.frag",
  "tex_path": "tex/splats3.png",
  "tzoom": 1.1576248407363892,
  "Px": -0.765625,
  "Py": 0.0625,
  "Ci": -0.328125
}