{
  "My": 0.12467504292726517,
  "Mx": -0.5223227143287659,
  "zoom": 0.15469029545783997,
  "Cr": -0.7921874523162842,
  "frag_path": "jtrap.frag",
  "tex_path": "tex/zgblue.jpg",
  "tzoom": 1.0499999523162842,
  "Px": -0.1953125,
  "Py": 1.4453125,
  "Ci": 0.2109375
}