{
  "C": [
    -0.26229495,
    -0.6943588
  ],
  "count": 5903,
  "pix_size": [
    0.001953125,
    0.001953125
  ],
  "frag_path": "jtrap-dz-res.frag",
  "min_iter": 4,
  "zoom": 0.212785005569458,
  "M": [
    0.385948,
    -0.17981257
  ],
  "tex_path": "tex/splats3_blur.jpg",
  "P": [
    -1.703125,
    -0.4140625
  ],
  "tex_angle": -4.899997711181641,
  "alpha": 0.0357142873108387,
  "tex_zoom": 0.4810173809528351,
  "jitter_amount": 0.001953125,
  "timestamp": "2016-01-05_22.54.12"
}