{
  "My": -0.6180729269981384,
  "Mx": -0.04528989642858505,
  "zoom": 0.21462656557559967,
  "Cr": 0.4252605438232422,
  "frag_path": "jtrap.frag",
  "tex_path": "tex/zgblue.jpg",
  "tzoom": 2.0789268016815186,
  "Px": 0.84375,
  "Py": 0.8828125,
  "Ci": 0.57421875
}