{
  "C": [
    0.38895845,
    -0.6625
  ],
  "count": 13108,
  "pix_size": [
    2,
    2
  ],
  "frag_path": "jtrap-eye.frag",
  "min_iter": 0,
  "zoom": 0.23509031534194946,
  "M": [
    0.02680441,
    -0.6780823
  ],
  "tex_path": "tex/filip-golden-eye-960.jpg",
  "P": [
    -0.7375,
    -0.5875
  ],
  "tex_angle": 4.839996814727783,
  "bw_threshold": 0.5,
  "alpha": 0.04938271641731262,
  "tex_zoom": 1.5513277053833008,
  "jitter_amount": 0.004166666883975267,
  "timestamp": "2016-02-28_18.21.34"
}