{
  "My": 0.09627042710781097,
  "Mx": -0.4329981803894043,
  "zoom": 0.46214625239372253,
  "Cr": -0.77734375,
  "frag_path": "jtrap.frag",
  "tex_path": "tex/splats3.png",
  "tzoom": 0.4810173809528351,
  "Px": 1.078125,
  "Py": 0.1015625,
  "Ci": 0.2578125
}