{
  "C": [
    -1.4221997,
    -0.01322937
  ],
  "count": 2065,
  "pix_size": [
    0.001953125,
    0.001953125
  ],
  "frag_path": "jtrap-dz-res.frag",
  "min_iter": 0,
  "zoom": 0.17909687757492065,
  "M": [
    0.33890855,
    -0.0022199424
  ],
  "tex_path": "tex/splats3_blur.jpg",
  "P": [
    -1.0234375,
    -0.078125
  ],
  "tex_angle": -0.4000000059604645,
  "alpha": 0.018518518656492233,
  "tex_zoom": 0.9070295691490173,
  "jitter_amount": 0.001953125,
  "timestamp": "2016-01-05_23.44.34"
}