{
  "tex_angle": 1.2000000476837158,
  "Ci": -0.603515625,
  "Px": -1.015625,
  "Py": 0.1484375,
  "frag_path": "jtrap.frag",
  "zoom": 0.25943100452423096,
  "min_iter": 2,
  "Mx": -0.7193824648857117,
  "My": -0.8008406162261963,
  "tex_zoom": 0.45811182260513306,
  "tex_path": "tex/splats3.png",
  "Cr": 0.265885591506958
}