{
  "C": [
    -0.39374995,
    0.9000001
  ],
  "count": 28980,
  "pix_size": [
    2,
    2
  ],
  "frag_path": "jtrap-crackle.frag",
  "min_iter": 1,
  "zoom": 0.23107320070266724,
  "M": [
    -0.53344196,
    0.67835057
  ],
  "tex_path": "tex/crackle1024.png",
  "P": [
    0,
    1.325
  ],
  "tex_angle": 8.699996948242188,
  "bw_threshold": 0.05209500715136528,
  "alpha": 0.01075268816202879,
  "tex_zoom": 0.7462156414985657,
  "jitter_amount": 0.0020833334419876337,
  "timestamp": "2016-02-12_16.31.50"
}