{
  "C": [
    -0.93916667,
    0.5062499
  ],
  "count": 1174,
  "pix_size": [
    2,
    2
  ],
  "frag_path": "jtrap-caffeine.frag",
  "min_iter": 0,
  "zoom": 0.08954841643571854,
  "M": [
    0.6172224,
    -0.22016476
  ],
  "tex_path": "tex/caffeine1k.png",
  "P": [
    -0.6,
    0.2
  ],
  "tex_angle": -1.1399999856948853,
  "bw_threshold": 0.5,
  "alpha": 0.024390242993831635,
  "tex_zoom": 2.4066171646118164,
  "jitter_amount": 0.0020833334419876337,
  "timestamp": "2016-04-03_19.55.00"
}