{
  "C": [
    0,
    0
  ],
  "count": 8305,
  "frag_path": "pathtrace.frag",
  "min_iter": 0,
  "zoom": 8,
  "M": [
    23.266705,
    13.355581
  ],
  "tex_path": "tex/schaap.png",
  "P": [
    -0.23888889,
    -0.9222222
  ],
  "tex_angle": -1.1399999856948853,
  "alpha": 1,
  "tex_zoom": 3.3863511085510254,
  "jitter_amount": 0.0027777778450399637,
  "timestamp": "2017-12-25_22.09.08"
}