{
  "C": [
    0.056041718,
    -0.7625
  ],
  "count": 13443,
  "pix_size": [
    2,
    2
  ],
  "frag_path": "jtrap-thr.frag",
  "min_iter": 0,
  "zoom": 0.11305668205022812,
  "M": [
    -0.29090384,
    -0.556819
  ],
  "tex_path": "tex/woink3.png",
  "P": [
    -0.475,
    -0.675
  ],
  "tex_angle": -1.2100000381469727,
  "bw_threshold": 0.30307552218437195,
  "ucount": 13443,
  "alpha": 0.06896551698446274,
  "dissolve": 0.5,
  "tex_zoom": 2.6532952785491943,
  "jitter_amount": 0.0020833334419876337,
  "timestamp": "2016-12-10_15.45.23"
}