{
  "C": [
    0.3358333,
    -0.85
  ],
  "count": 15752,
  "pix_size": [
    2,
    2
  ],
  "frag_path": "jtrap-crackle.frag",
  "min_iter": 0,
  "zoom": 0.11596791446208954,
  "M": [
    -0.08153856,
    -1.1121882
  ],
  "tex_path": "tex/dots1k.jpg",
  "P": [
    0.725,
    -0.3625
  ],
  "tex_angle": 0.3799999952316284,
  "bw_threshold": 0.5,
  "alpha": 0.013333333656191826,
  "tex_zoom": 0.6139135360717773,
  "jitter_amount": 0.0020833334419876337,
  "timestamp": "2016-02-13_14.36.58"
}