{
  "Ci": -0.41015625,
  "Px": -0.0625,
  "Py": 0.0234375,
  "frag_path": "jtrap.frag",
  "zoom": 0.12687669694423676,
  "Mx": -0.4625447392463684,
  "My": -0.20816883444786072,
  "tzoom": 6.704739093780518,
  "tex_path": "tex/ditherflare1024.png",
  "Cr": -0.6549478769302368
}