{
  "My": 0.11201640218496323,
  "Mx": -1.0017459392547607,
  "zoom": 0.5732521414756775,
  "Cr": -1.5359375476837158,
  "frag_path": "jtrap.frag",
  "tex_path": "tex/zgblue.jpg",
  "tzoom": 1.7958554029464722,
  "Px": -0.03125,
  "Py": 0.4765625,
  "Ci": 0.076171875
}