{
  "C": [
    -1.0445312,
    0.26874995
  ],
  "N_SAMPLES": 64,
  "count": 360,
  "pix_size": [
    0.25,
    0.25
  ],
  "frag_path": "jtrap-mul-rnd3.frag",
  "min_iter": 0,
  "zoom": 0.09268908202648163,
  "M": [
    0.6471069,
    -0.1094298
  ],
  "tex_path": "tex/splats3_blur.jpg",
  "P": [
    -0.3625,
    -0.1125
  ],
  "tex_angle": -1.1399999856948853,
  "alpha": 1,
  "tex_zoom": 1.6288939714431763,
  "jitter_amount": 0.0010416667209938169,
  "timestamp": "2017-04-02_13.42.48"
}