{
  "C": [
    -0.86483335,
    -0.21286613
  ],
  "count": 3434,
  "pix_size": [
    2,
    2
  ],
  "frag_path": "jtrap-peaces.frag",
  "min_iter": 1,
  "zoom": 0.239177405834198,
  "M": [
    -0.2045691,
    -0.6234793
  ],
  "tex_path": "tex/peaces.jpg",
  "P": [
    -1.0625,
    -0.6625
  ],
  "tex_angle": 3.9800007343292236,
  "bw_threshold": 0.5,
  "alpha": 0.17391304671764374,
  "tex_zoom": 1.7103385925292969,
  "jitter_amount": 0.0020833334419876337,
  "timestamp": "2016-02-22_16.52.56"
}