{
  "C": [
    0.5164585,
    -0.2249999
  ],
  "count": 11785,
  "pix_size": [
    0.0020833334,
    0.0020833334
  ],
  "frag_path": "jtrap-dz-thres.frag",
  "min_iter": 1,
  "zoom": 0.46214625239372253,
  "M": [
    0.21967337,
    0.887987
  ],
  "tex_path": "tex/woink3.png",
  "P": [
    -4.25,
    -2.6125
  ],
  "tex_angle": 1.9799995422363281,
  "bw_threshold": 0.5060344934463501,
  "alpha": 0.012578615918755531,
  "tex_zoom": 0.11686155200004578,
  "jitter_amount": 0.0020833334419876337,
  "timestamp": "2016-01-15_15.17.26"
}