{
  "C": [
    0.5164585,
    -0.50624996
  ],
  "count": 4439,
  "pix_size": [
    2,
    2
  ],
  "frag_path": "jtrap-crackle.frag",
  "min_iter": 0,
  "zoom": 1.6771008968353271,
  "M": [
    0.3497741,
    -0.18059394
  ],
  "tex_path": "tex/dots2k.jpg",
  "P": [
    1.1875,
    -0.9125
  ],
  "tex_angle": -0.21000003814697266,
  "bw_threshold": 0.5,
  "alpha": 0.0317460335791111,
  "tex_zoom": 0.7462156414985657,
  "jitter_amount": 0.0020833334419876337,
  "timestamp": "2016-02-13_13.59.13"
}